epoch,time,train/loss,metrics/accuracy_top1,metrics/accuracy_top5,val/loss,lr/pg0,lr/pg1,lr/pg2
1,90.7867,0.93046,0.96592,0.99867,0.11564,0.00333112,0.00333112,0.0700199
2,176.535,0.19233,0.95556,0.99867,0.13951,0.00644453,0.00644453,0.0398
3,259.516,0.2975,0.93234,0.99842,0.20912,0.00933794,0.00933794,0.00936003
4,342.494,0.28742,0.9714,0.99909,0.09032,0.00901,0.00901,0.00901
5,424.972,0.17866,0.984,0.99967,0.05012,0.00868,0.00868,0.00868
6,509.856,0.14804,0.98673,0.99975,0.04036,0.00835,0.00835,0.00835
7,591.783,0.12072,0.9893,0.99975,0.03228,0.00802,0.00802,0.00802
8,673.425,0.11221,0.99005,0.99975,0.03192,0.00769,0.00769,0.00769
9,754.417,0.09503,0.99138,0.99983,0.02635,0.00736,0.00736,0.00736
10,835.245,0.09283,0.99129,0.99992,0.02642,0.00703,0.00703,0.00703
11,916.594,0.08458,0.99378,0.99983,0.02096,0.0067,0.0067,0.0067
12,997.26,0.07482,0.99511,0.99992,0.0172,0.00637,0.00637,0.00637
13,1078.16,0.07255,0.99461,0.99983,0.01578,0.00604,0.00604,0.00604
14,1159.99,0.06896,0.99619,0.99992,0.01494,0.00571,0.00571,0.00571
15,1240.77,0.06195,0.99544,0.99983,0.01478,0.00538,0.00538,0.00538
16,1322.03,0.05678,0.99536,0.99983,0.01389,0.00505,0.00505,0.00505
17,1403.87,0.05133,0.99602,0.99983,0.01385,0.00472,0.00472,0.00472
18,1485.22,0.04575,0.99619,0.99992,0.01319,0.00439,0.00439,0.00439
19,1566.95,0.04295,0.99668,0.99992,0.01167,0.00406,0.00406,0.00406
20,1647.59,0.0355,0.99677,0.99992,0.01007,0.00373,0.00373,0.00373
21,1760.23,0.03184,0.99693,0.99992,0.00976,0.0034,0.0034,0.0034
22,1841.24,0.03128,0.99685,0.99992,0.0098,0.00307,0.00307,0.00307
23,1922.51,0.02632,0.99668,0.99992,0.00949,0.00274,0.00274,0.00274
24,2003.65,0.02347,0.99685,0.99992,0.00935,0.00241,0.00241,0.00241
25,2084.56,0.02108,0.9971,0.99992,0.00936,0.00208,0.00208,0.00208
26,2165.66,0.01939,0.99743,0.99992,0.00932,0.00175,0.00175,0.00175
27,2246.25,0.01561,0.99735,0.99992,0.00928,0.00142,0.00142,0.00142
28,2326.95,0.01431,0.99743,0.99992,0.00923,0.00109,0.00109,0.00109
29,2407.51,0.01306,0.99743,0.99992,0.00922,0.00076,0.00076,0.00076
30,2490.98,0.01297,0.99743,0.99992,0.00912,0.00043,0.00043,0.00043
